"","cs_dep2023","2040","2060","2080","2100","fs_dep2023","2040","2060","2080","2100","cs_ndep2023","2040","2060","2080","2100","fs_ndep2023","2040","2060","2080","2100","ns_dep2023","2040","2060","2080","2100","ns_ndep2023","2040","2060","2080","2100"
"0",0,0,0,0,0,0,0,0,0,0,0,0,0,0,0,0,0,0,0,0,0,0,0,0,0,2027936,2055509,2155754,2155754,2155754
"1",0,0,0,0,0,0,0,0,0,0,0,0,0,0,0,0,0,0,0,0,0,0,0,0,0,2015823.486543,2047220.141083,2149970.262048,2154529.531728,2155128.83134
"2",0,0,0,0,0,0,0,0,0,0,0,0,0,0,0,0,0,0,0,0,0,0,0,0,0,2008427.186729,2042664.11459193,2145911.60243142,2154274.4151846,2155003.3976294
"3",0,0,0,0,0,0,0,0,0,0,0,0,0,0,0,0,0,0,0,0,0,0,0,0,0,2000621.81837448,2038990.10508598,2141923.85642804,2154160.0331796,2154952.53339761
"4",0,0,0,0,0,0,0,0,0,0,0,0,0,0,0,0,0,0,0,0,0,0,0,0,0,1991501.94794697,2035845.70899774,2137699.45347587,2154080.76872635,2154906.21600057
"5",0,0,0,0,0,0,0,0,0,0,0,0,0,0,0,0,0,0,0,0,0,0,0,0,0,1981212.71400383,2033337.30493738,2133168.82236382,2154002.77402794,2154867.74336602
"6",0,0,0,0,0,0,0,0,0,0,0,0,0,0,0,0,0,0,0,0,0,0,0,0,0,1970225.04129727,2031488.87482142,2128274.33601817,2153922.10341838,2154830.82264611
"7",0,0,0,0,0,0,0,0,0,0,0,0,0,0,0,0,0,0,0,0,0,0,0,0,0,1927567.95625318,2030271.23512048,2123003.28500375,2153835.78577253,2154784.63555403
"8",0,0,0,0,0,0,0,0,0,0,0,0,0,0,0,0,0,0,0,0,0,0,0,0,0,1927016.10867692,2029607.04722618,2117379.90051226,2153745.33173201,2154742.93146981
"9",0,0,0,0,0,0,0,0,0,0,1052.41219358242,1108.586082376,1153.41542531287,1176.47264273046,1177.03296488251,0,0,0,0,0,0,0,0,0,0,1925377.74491335,2028209.18431241,2110270.42198272,2152478.3548654,2153515.02201887
"10",0,0,0,0,0,0,0,0,0,0,2942.6257888761,3100.45361760665,3216.50626931721,3290.38551828904,3292.02214643952,0,0,0,0,0,0,0,0,0,0,1922886.57676536,2026083.45782281,2101965.56014071,2150268.64427527,2151349.78961405
"11",0,0,0,0,0,0,0,0,0,0,6334.61406274871,6675.74588010475,6905.32888289727,7085.19345999809,7088.86518900228,0,0,0,0,0,0,0,0,0,0,1918867.39501147,2022266.10768831,2091857.50257092,2146369.0759493,2147493.45265658
"12",0,0,0,0,0,0,0,0,0,0,12396.5328180547,13064.9989136217,13476.2287192615,13869.4012765884,13876.9305318268,0,0,0,0,0,0,0,0,0,0,1912144.25971741,2015318.83136294,2078797.95699555,2139473.0447968,2140647.47760448
"13",194.259006147495,204.64824010645,210.554054550076,217.347794090945,217.470775072314,0,0,0,0,0,22828.0744609859,24049.7502756736,24744.3605095319,25543.0986816844,25557.7254321955,0,0,0,0,0,23626.289489461,24890.6898674272,25609.5642824517,26436.2056336027,26451.3377462358,1877702.21263528,1978255.87158866,2035439.24025517,2101169.82353868,2102387.25228578
"14",1403.32430883693,1476.64704206784,1516.04980905795,1569.57937279109,1570.50699998927,0,0,0,0,0,40096.799177006,42193.3229461826,43320.3055204064,44850.5631237534,44877.4420537278,0,0,0,0,0,48196.865451299,50716.8968613426,52071.5014723441,53910.8449341435,53943.1294040041,1835581.10731554,1931625.13504351,1983268.40873861,2053356.20597358,2054603.09145662
"15",4958.04625355209,5212.59474488396,5342.28229706641,5546.5619921041,5549.99539261645,0,0,0,0,0,66667.7468802934,70093.1424883815,71839.039261494,74587.3367840658,74634.2457541322,0,0,0,0,0,78860.3427512641,82912.1500661674,84977.2542471591,88228.0834158038,88283.5198962506,1775285.43046161,1866570.34704611,1913116.5673124,1986339.57364585,1987608.2312327
"16",13453.1445903544,14130.2589950674,14462.3994556879,15055.3579646293,15065.2429634292,152.37921154904,160.042135588123,163.798948596171,170.511308809984,170.621225952404,100414.767638178,105473.069875125,107955.637236285,112384.080628998,112459.247121059,2154.10887610659,2262.5237666917,2315.69970810498,2410.63829330042,2412.21814897086,124149.350365381,130403.127516427,133472.271001965,138947.238676325,139040.031706398,1687075.88560505,1772133.48001806,1813902.08442907,1888348.59228002,1889634.79131303
"17",31292.3010266208,32813.0704048331,33558.8860817488,35021.9640312881,35046.295488671,689.016896170461,722.470662684765,738.866671734555,771.061822200551,771.586469965652,136179.751104922,142804.222623149,146055.174498887,152426.395591946,152534.612652178,5473.26636176137,5739.25455095234,5869.69767492542,6125.59681090782,6129.84902577297,192555.837527703,201922.427071691,206518.718523637,215527.023255136,215679.671489806,1565784.96082629,1642025.34806922,1679465.5312991,1752768.84787311,1754040.09211102
"18",62206.2582563412,65099.1091287535,66589.0806478994,69662.6525613431,69720.1834373915,2123.33514567369,2221.8051320632,2272.41657218599,2377.12730228274,2378.96569114129,162502.664105397,170037.148946179,173907.797075502,181918.859009737,182057.298943194,9991.78701190164,10454.5264691899,10692.0592900741,11184.2633156185,11192.5535917279,281599.528100396,294714.925201255,301477.034979946,315404.559094777,315673.292692957,1420366.24116545,1486301.28249051,1520202.18089678,1590279.39852852,1591523.20850896
"19",79133.0553258386,82592.7486824203,84575.1444546045,88688.6792547435,88778.9579996823,4238.4474593522,4422.78582686062,4528.06448977574,4747.63268439042,4751.9695585893,140777.785342535,146876.134496952,150349.28123902,157621.810517213,157751.899170775,13094.5152397494,13660.8659830959,13983.1215250579,14658.914001402,14670.5944380988,385302.689299956,402142.617569522,411787.686757371,431809.895059123,432243.570329876,1315639.56529956,1372718.80974021,1405253.6836684,1473282.39379769,1474536.77091442
"20",89380.6700069674,92982.829087489,95404.5729425065,100270.426698957,100395.374933622,6652.88191189441,6919.00841517042,7097.38573968335,7457.96128495204,7466.18975547468,125449.789256363,130420.511015926,133738.630639183,140498.662108927,140627.265307666,16026.6526777147,16660.2495681441,17082.83135268,17945.3326301119,17961.042187445,444989.432619897,462884.53382972,474902.641873721,499093.229913746,499690.727396409,1254444.29017603,1304247.02605495,1337514.09088367,1405183.88034845,1406514.42439194
"21",89469.934571149,94066.7112486627,96803.5661152211,101808.432402679,102123.244594602,8541.47668312621,9021.93422615206,9281.39352498385,9758.91211223361,9787.31618944879,118380.191121247,122785.501166909,126246.392356208,132686.995285506,133031.686024868,19394.4044928258,20123.2194979676,20688.4262332609,21742.3418164656,21797.6920421503,444394.855427075,460747.010481826,474087.742911753,498547.067186157,500048.750541581,1254375.45100626,1296969.90049813,1333625.44880226,1401735.14423908,1405428.57363487
"22",83970.8625974915,89566.6893092802,92525.471647575,97362.1820201903,97855.5813579761,9803.06213769955,10541.2560078702,10885.1453962377,11450.8179173068,11506.3405980569,116221.054504795,120360.386650542,124183.403431155,130556.76907835,131129.657152563,23372.3044862218,24229.8543615828,24996.566887118,26277.2245562132,26390.8836981217,409457.153957267,423451.389654492,437356.47528694,460153.144640441,462435.225230987,1288855.41822426,1323533.4142021,1365685.48678939,1435858.79802271,1442219.65287468
"23",75872.758513441,82968.5733926393,86092.0375209067,90623.0494463682,91274.8497850905,10520.3041548672,11628.2160350763,12060.3120113378,12690.6990987656,12778.7331508658,115745.794315715,119804.533174696,124113.914323928,130491.779301523,131315.133573468,27802.3397593247,28823.9072911235,29856.7318785087,31387.9531575009,31583.7453287883,364697.498530813,377727.826020243,391851.687494932,412399.952270139,415309.152558349,1333033.89269009,1357746.0072989,1406704.65104977,1479080.47200648,1488476.84756995
"24",73684.1857911232,75793.76446437,80316.3722682062,84545.1055005491,85346.6012359844,11966.9112249069,12445.2524136868,13180.7620719969,13869.317444488,13996.7712330133,124697.184675573,116594.190644787,123307.015539063,129612.332074801,130702.009673889,35240.8450830324,32998.8087189775,34893.4117478698,36673.6632816211,36978.9941517215,326105.584518374,339145.244129619,359263.583733812,378087.568416101,381602.494829532,1352809.09757935,1356843.81948499,1435075.31302352,1508540.75208899,1521282.03477855
"25",70649.4246913257,70831.8127777313,75036.5136345442,78955.0289730534,79897.2595767677,13309.8708842722,13476.0359440049,14267.3451446235,15005.8048577373,15180.0040994522,134121.19346744,115378.675263337,121944.84604944,128096.880830242,129465.725657148,44006.8670190823,37933.2800837473,40085.117128578,42102.0826613271,42548.064980643,292106.450474125,317159.727271839,335839.842783771,353263.970892331,357394.625892468,1365840.87456369,1376304.70635686,1454712.08190549,1528159.68496036,1544530.43197842
"26",68818.3950839042,66166.0742500497,70098.4708722114,73693.8084047142,74768.9876746136,14845.0928662808,14471.9618183739,15321.7286683878,16099.7008859929,16328.7888042154,146328.454356124,113977.757871386,120430.604797316,126362.566311753,128025.348861956,54974.0653572405,43108.4690375739,45540.071366737,47776.3359470842,48399.9398418221,256725.110386124,300838.495751786,318538.607302244,334737.812368663,339518.294539215,1378097.3328063,1393945.215012,1472889.40195728,1545453.19347096,1565797.57006431
"27",62867.4313615454,61306.3692610961,64980.163718952,68222.8044332604,69415.0248772732,15199.6935912811,15088.9427809062,15981.2896004815,16769.7660921529,17056.1838142386,162882.871978435,112947.368551775,119350.305837157,125028.046828626,127007.9788623,68549.4833273706,48421.3594370729,51155.1890116612,53580.2284456014,54422.4232605666,213510.925700916,281234.831999507,297890.992743473,312604.979197761,317955.009476599,1398104.69535263,1414384.46995459,1494521.35847472,1565580.40510098,1590340.24312717
"28",56997.9096501578,57129.1133232704,60599.957810864,63512.9025759218,64818.8926348679,15312.590572442,15626.3056562848,16562.1877853752,17348.0770181773,17697.2582931069,179621.987441026,111426.455569669,117789.937476705,123143.886519437,125448.718339785,83834.8663370577,53586.3150878734,56633.0793942077,59196.9465562278,60297.2836905381,177663.504150105,266875.058933773,282868.437915068,296296.515419241,302263.426637067,1408042.38245841,1429133.04506186,1510620.79848684,1579179.62147344,1608656.01311719
"29",54440.0155295655,53499.9548839662,56807.9103907015,59414.9849389447,60831.6520547109,15451.6626062325,16116.2878318593,17097.5446946762,17870.6898793754,18288.2863570264,197160.952067235,109529.4770585,115858.098207092,120840.072315255,123473.519099021,96570.2986720903,58588.5427715006,61957.7307105322,64609.748197332,66008.7026425375,154518.14695994,256267.088354995,271864.800281405,284152.79262291,290787.184471079,1402337.5755865,1439696.13382807,1522653.45135723,1587949.55761946,1622417.88368918
"30",54564.5830734934,50362.4731244018,53526.6733873553,55855.7657848394,57380.4478909408,16304.3592666065,16601.4035533264,17627.3192373774,18381.4390069123,18873.6330756445,212781.752800374,107322.125132412,113587.413939834,118170.791791931,121130.090547373,109512.922796122,63422.8158428643,67106.4917802587,69800.036963142,71537.3534150383,142060.995624023,248816.74452096,264171.981105223,275456.065315894,282817.509822397,1384317.90919915,1447019.3791476,1531153.38617589,1592672.61031045,1632355.65911698
"31",55696.646345564,47627.032557285,50643.5210784918,52726.0739179192,54353.9210488555,17479.6501374905,17099.5507393098,18163.376377874,18895.9017625314,19468.5798152784,224946.323980259,104904.695041531,111040.265967833,115225.756632064,118499.804378551,121747.582419067,68121.5856254891,72083.9203491531,74784.4833642465,76897.0344412953,135517.076848235,243658.091292534,258780.705299785,269188.397355319,277323.749535857,1362860.85703342,1452432.92844726,1536914.12551622,1594486.94127581,1639519.6578334
"32",56551.6709947679,45149.9936533973,48053.6690181972,49922.540116838,51646.4928541601,18653.3303521282,17594.7375704268,18704.8828345305,19416.3556572503,20074.9023312342,236599.621318011,102239.647573618,108276.753519719,112086.942722104,115658.007917249,134645.148010746,72643.5422986599,76907.7940760734,79595.1357935604,82116.7117385724,129400.795529834,239714.966681572,254789.810206301,264442.199685471,273380.303714315,1340651.73658547,1455338.95382202,1540667.80381207,1594420.92990827,1644865.09146899
"33",57084.2327825102,42903.5370306831,45701.8764164255,47394.1711173178,49204.2194369972,19834.2581705722,18102.4481069464,19259.3493726224,19954.7794079581,20703.5965734039,247065.941683544,99398.5967788525,105315.361357254,108794.900248656,112635.37378961,148110.457219228,77019.7230923771,81575.446830225,84248.9322637489,87206.5533170699,123805.866900704,236780.83823064,251850.374997013,260896.107984541,270648.736507493,1318050.29135885,1456610.23425785,1542555.62258965,1592945.7952568,1648738.38399309
"34",57273.8972990171,40862.8872853313,43541.8158115616,45093.9869730846,46980.1680089351,21027.5615263009,18632.0133574947,19827.0748895207,20514.2396055935,21357.5720292509,255757.974407657,96455.099659146,102184.695574408,105388.056826121,109467.249456137,162026.207933175,81289.62352503,86085.4157729357,88759.392844643,92176.2971783097,118826.772785137,234679.159260632,249657.503946678,258253.230548362,268825.998434491,1295926.14592347,1457140.05125289,1542771.23220247,1590437.27828023,1651466.12963469
"35",58572.5047896142,38973.2897514932,41537.1144963551,42978.5640563833,44929.401125568,22716.0262128353,19171.625368021,20403.5262389773,21089.8791205277,22030.8674540454,261144.442753905,93366.1019072472,98887.9117350142,101861.946838159,106143.210597198,175673.19454685,85380.8347352764,90393.0433819355,93083.6383347276,96974.8257273471,117222.031208052,233045.396690071,247935.984534522,256211.667953494,267594.120484657,1272417.28734258,1455968.12960449,1540969.69117296,1586480.8159337,1652529.79008815
"36",58578.1361838229,36787.5032523089,39207.1486379206,40550.0906281401,42530.3013609102,25220.9750702133,20282.2653538452,21583.6022694917,22298.7000537044,23369.4549268649,260523.211071076,89217.0769081622,94446.753205515,97211.7570472744,101607.617286831,193023.431878355,90776.0192516149,96053.2255765389,98832.4659254885,103276.832757565,115594.790338722,231471.636213845,246227.336340146,254312.009976158,266468.104417348,1252013.96416263,1454120.58527565,1538047.70789125,1582092.29657043,1652890.25498364
"37",58195.9887410954,34647.2474805587,36917.1181853646,38190.4019194742,40183.6209877795,27618.6440567697,21252.7668137682,22608.9034987348,23361.9441831492,24561.106796368,259696.809487227,85146.3312410974,90065.533166215,92687.9948110441,97163.2877016573,211481.10229036,96057.438612155,101556.087239378,104475.093355578,109490.689698393,113000.882488887,229449.203478887,243987.279479098,252035.530984378,264912.621731568,1231274.26696019,1452345.60212867,1534720.17680855,1578261.02132061,1653596.27048819
"38",57727.7439456213,32165.8095449787,34717.9528716036,35953.6290008162,37947.6343593584,30017.7984097591,21786.4402403514,23521.1983760324,24328.8472642285,25655.8628902296,258736.803228511,80725.9624232539,85712.0980666599,88264.5626201376,92786.0638892984,230855.91548555,100608.348437368,106804.396975093,109941.208470845,115539.857516887,110297.000710298,226543.084072935,241818.481261486,250039.193106734,263614.262836076,1209124.4950921,1452360.53294483,1530050.99090242,1574290.63442789,1653930.34856793
"39",57299.6737025927,29694.1144326368,32612.3470080077,33840.8649031058,35825.883081255,32405.9503813232,22095.6164338504,24321.464784785,25205.1566668649,26659.0173733651,258141.059981565,76324.4879495785,81413.3811911398,83967.3579972727,88506.9520436206,250977.576921865,104722.818031931,111740.766039013,115196.068969584,121385.808554791,107591.423671952,223452.656201683,239611.815957101,248231.560401428,262483.559211278,1186772.10115031,1452685.34430037,1523921.10175035,1570207.77189603,1653942.1466955
"40",56667.1091188149,27153.2151087145,30603.587750838,31850.9277340592,33818.9349555702,34581.703849953,22092.0730920687,25006.4416963002,25989.9239865711,27568.6477447845,257124.550254183,71900.9515875731,77208.5235354496,79826.9809154202,84360.9036132297,270553.292077735,108231.18246593,116320.562148855,120208.554114503,126992.429175787,104758.976045833,219617.48425251,237253.020152577,246495.097234091,261399.421071899,1164443.80094109,1453441.9046852,1516385.14397919,1566081.14144643,1653706.85537041
"41",55797.7178894682,26659.682641137,28698.4539771952,29986.9820488536,31883.9007436423,36418.8846323661,23625.7177227754,25575.2752087691,26684.3603279579,28342.5059113297,255261.997475341,73509.7252945004,73125.295346012,75863.6338356989,80251.3299863395,288257.2924619,121018.287774596,120487.005198036,124934.546821526,132110.933839513,102135.751528578,211803.387887906,234722.881621288,244810.980924898,259953.029111393,1144537.38948109,1439865.48687534,1507287.12472445,1561770.53355004,1650597.52548179
"42",54537.6891133614,25851.6325006686,26897.8499776104,28242.6206600258,30068.0498372466,37683.2591955284,24842.3742230843,26019.7011439944,27277.6142767707,29007.9045967127,252128.77012884,75280.4916951944,69214.2859580972,72111.3694901043,76346.8335941352,302476.432954411,134997.054143005,124228.660875494,129356.074051199,136898.141594957,99703.7552573245,200652.160540467,231872.811046963,242991.248094958,258334.014932121,1129007.67560706,1427375.50769067,1496998.20399951,1557447.62154622,1647231.20430775
"43",52848.7438914789,25386.8411758444,25210.5061710507,26620.1306698387,28374.0957588894,38237.9580985132,26316.7414437351,26356.5774540008,27781.6202610532,29574.9049212074,247310.497404327,78570.6557747216,65499.2298701649,68576.2695540364,72652.6800018353,311553.417596342,152664.115788632,127548.890702051,133455.592895009,141322.904121016,97783.9367322784,184164.635938127,228860.659418935,241143.403511524,256638.640918713,1119748.47012157,1415279.18088432,1485810.67328563,1553080.47568391,1643461.63662665
"44",50798.3500551582,24023.3435876053,23261.1946595607,25118.6301588313,26801.5902151747,38067.8762546251,26717.4766976066,26181.3560435273,28213.6356670101,30059.2380853527,240801.414149162,82695.4415200475,60992.2324902955,65250.4107720265,69159.9655507803,314604.922560998,173078.215906648,128367.743726559,137221.222651148,145359.113426632,96688.1906342952,164868.59762146,222245.390101176,239404.875087561,254994.809224842,1118369.29693229,1407239.17002243,1450293.14047677,1548564.76154367,1639062.29130355
"45",48629.7703542714,22611.9903865876,21959.0336665713,23745.87461875,25357.5970165313,37396.8328720941,26921.1759620709,26521.7607663925,28607.0288078334,30492.7229776535,233346.338065756,86900.1906709009,58038.9771742248,62118.4875987462,65849.1196638971,312674.142920577,195225.82597875,131542.030497364,140643.453870751,148978.013503346,96373.0035400805,146911.098123111,220820.423528404,238086.058802573,253705.595620918,1121431.95502804,1396025.0189845,1445671.71371692,1543705.3251184,1633662.72583492
"46",46533.0827453056,22126.5623072734,20749.9526632647,22485.2131961523,24025.4755671008,36438.8717264338,27654.1153762463,26812.689028583,28961.9584056797,30874.264942775,226004.724507765,91964.7318589053,55233.4027927635,59173.5131968316,62714.4168919667,307729.980395026,216312.164181933,134353.879446997,143741.951359284,152190.925711722,96380.0838852731,134588.026352236,219554.16791796,237048.242898275,252618.988693228,1125454.17991162,1376032.8390808,1440239.32024079,1538621.42661618,1627335.25900201
"47",44737.3875720868,22260.5853681087,19617.8607418944,21318.2085516947,22787.3876943921,35457.522320639,29167.181443949,27050.2143496509,29275.0388138887,31200.2413542917,219925.893509466,96626.8220154629,52568.211230754,56404.2915593288,59748.1350100202,302062.674781478,237565.823468917,136823.778513985,146541.927244096,155021.941815885,96409.0059087129,127125.391519019,218292.665032426,236128.471520225,251565.89221045,1128174.77764044,1348896.67887194,1434114.06035524,1533425.96111754,1620214.31065148
"48",43226.2362915682,22459.7099998702,18541.5728189606,20220.4945649674,21620.175544723,34522.0652740763,30800.0847968302,27217.9800655782,29528.7322412115,31453.9791688234,215838.239329515,100008.764015322,50038.7509425806,53801.4214538774,56946.6457598198,297411.045492198,256595.925016187,138988.097289736,149081.159935687,157516.808754664,95699.2792989189,122142.9959662,216749.359862796,235016.535526049,250236.001376104,1126053.01158636,1321159.87484217,1427547.51430992,1528338.20175085,1612621.98795197
"49",42216.892217663,22469.7758701322,17510.0837455333,19177.0840159848,20510.6603214027,33887.8059028746,32207.2563328877,27313.6286818571,29718.3274248968,31633.8236069516,214669.676845618,103143.552027552,47634.2225722471,51345.8778893322,54297.1196270043,295713.274617666,275723.218710607,140873.12679285,151377.067411661,159708.050210851,94254.0291422141,116662.768008424,214831.794471731,233592.780636246,248531.656713232,1118514.5914083,1293646.70359982,1420615.99290674,1523303.99825627,1604668.03694011
"50",41415.6547312621,22254.3630957949,16518.041686216,18175.6883810193,19448.8464265291,33402.1746787095,33336.863689897,27345.4803768825,29843.7083874271,31744.1213885048,215678.085087969,105810.128856776,45360.1938776584,49026.2808765911,51795.1328638233,296535.659405581,294524.262313754,142568.8552923,153479.221321405,161667.655146893,91787.8815817754,110841.274857296,212561.543115818,231807.565462216,246435.671622898,1104681.78678604,1266825.94089991,1413922.81925783,1518492.58830101,1596735.9717092
"51",40819.3682470046,21817.7298964091,15573.2359725211,17217.9658156345,18439.779375803,33123.1965059214,34183.2694453381,27334.1508663039,29915.1444716065,31801.6687325002,218323.566935275,107763.393864585,43184.9683020162,46791.0056107158,49395.8588420759,299730.783479028,312485.808444557,144085.306551118,155337.83388482,163374.31314444,88753.9700622348,104990.394608543,210093.453445288,229734.394725642,244070.77553748,1086311.55160905,1241120.49586825,1407397.10108652,1513240.5305157,1588428.07862418
"52",40313.5556521183,21532.2406774714,14656.7296951258,16298.2511964785,17479.4676588582,33042.499220177,35359.2888932165,27273.0619299698,29951.3286601909,31831.2792536967,221846.65208788,108588.706397296,41046.3141401492,44614.9366700139,47079.278519261,304858.803316368,328561.340445144,145283.305709202,156939.650953452,164841.752240324,85447.6654527729,101239.838567492,207410.228810219,227552.131450527,241661.040715377,1064010.99392392,1214781.89889909,1399441.16336771,1507177.42988424,1579605.18115524
"53",39767.7506439894,21028.2685592107,13771.8277553131,15410.4753834628,16563.5447099324,33120.1775351753,36277.9794545294,27186.8628933039,29963.4017586585,31850.9338803808,225389.328764227,108307.250240419,38948.3137164004,42477.1761921844,44830.1411195202,311362.851095289,342187.905782952,146221.553227178,158268.170748477,166087.362017622,82052.3986072886,97985.4673827318,204721.751587961,225365.866636587,239359.837582966,1038116.41124937,1191395.4401482,1390462.98933063,1499959.39656596,1570211.49162662
"54",39034.9441511447,20475.4904046329,12917.2445858086,14545.811698639,15682.7724196112,33281.2779540757,37198.2313357559,27085.5193350782,29947.5852865278,31860.2347668197,228526.067896845,107838.437305915,36900.1107584097,40367.3521277179,42638.6550521257,319197.595704084,355975.457773623,146975.267946744,159324.999984302,167132.672949767,78559.3641777128,94753.3432246503,202076.230803625,223119.891454139,237131.045646443,1010389.43450667,1166569.68460924,1381054.85224866,1491487.42360658,1560296.60495511
"55",38156.0522931254,19896.5808701011,12083.4008003094,13700.2375566449,14830.4240736839,33563.815091346,38151.2314047979,26959.4743523847,29906.1105086633,31860.1872819429,231020.323584451,107242.93413331,34882.3768191493,38283.1625653126,40496.6311568682,328245.859918151,370014.164597288,147503.837786802,160132.026615594,167995.028002296,75082.6541551292,91568.3549216896,199391.269165741,220820.506608411,234967.029773785,980519.349989356,1140093.32578807,1370727.87749206,1481873.12834244,1549892.99911203
"56",37105.0888118128,19345.7043172925,11273.4327930523,12875.0461999093,14006.911542572,33945.6646302912,39223.5024660555,26825.8907488357,29853.9681549596,31868.4590296649,232659.974794244,106647.087194085,32890.0184217438,36214.5299701565,38392.3928048149,338310.892666466,384366.490165537,147807.144779546,160670.73838937,168668.230398407,71657.1140059556,88730.0155734247,196856.925787977,218643.440694776,233059.599269755,948012.607806421,1112925.96710233,1359418.62252598,1470875.46781724,1538835.47608305
"57",36021.9038755776,18707.5524555272,10477.9777520886,12059.2823183629,13201.1110608248,34535.1841495532,40141.6198331217,26659.7296575593,29763.2878242936,31861.6810099294,233792.477939536,105688.592285056,30922.1646081868,34158.8389912204,36325.1038485837,350020.551735991,397429.080497427,147882.5339448,160930.242525216,169170.697210978,68414.4517206783,85944.0494048375,194231.513026046,216321.337987899,231166.066627651,914369.369732381,1085525.38243614,1347136.97461066,1458431.39419111,1527289.89451496
"58",34692.5907461031,17939.0232739864,9551.4128131345,11245.8602384908,12405.6561236281,35130.7457192742,40749.4594003454,26030.8388570188,29614.00815722,31824.6887764001,234114.709174113,104150.494648063,28876.6117326573,32113.2746134492,34292.9043442624,362995.903113855,407863.212668345,147037.484246408,160891.938521983,169513.39522304,64947.6579011068,83310.2086171329,190476.743781195,213675.258364488,229137.285821359,878743.989646427,1060273.44846124,1336710.63140348,1444380.84796562,1515326.75818248
"59",32976.3987408378,16989.1781993641,8616.94545377408,10431.5892234592,11615.8020969526,35577.2057625681,40850.0937803965,25236.8908831143,29392.5439630434,31746.4589028809,233172.357956833,101800.511592017,26852.2895307883,30077.849702343,32293.3044856515,376593.160429596,414042.412207309,145792.157505772,160539.3848269,169697.024374908,61096.5300471998,80864.2327390551,186233.947845479,210598.847710851,226880.365021844,840573.926399792,1038863.77478057,1326364.27775296,1428594.30177058,1502933.25001018
"60",31113.0268439149,15841.4233363215,7656.0975554309,9616.98845569053,10829.3845005343,36070.798156739,40303.0472459763,24191.2881187193,29092.5008769719,31620.397932206,231346.211468864,98471.993434026,24839.7917657441,28056.1077185969,30324.193287414,391442.549807022,414452.626927469,144016.633733295,159865.216470806,169716.330843564,57460.3868163126,78732.5215508742,181114.239500679,207057.601830875,224355.383263995,804410.599375916,1023025.27770395,1316339.30891076,1411031.83051804,1490054.95310988
"61",28843.0064903344,14496.644776037,7244.23279313895,8799.01057895005,10040.381383855,36284.2899120643,39005.1145353952,24831.7412753049,28687.6488920565,31418.995088156,227549.35839706,94223.9272451769,24897.2830273441,26055.2127690872,28387.2225498376,405621.079876306,408636.432792609,154451.884537899,158868.553372764,169572.271120012,53780.2478603362,76818.1544057864,172317.499835179,202818.76815854,221314.959090758,770133.67236966,1014372.76763289,1294051.13594671,1391750.5059505,1476738.24950592
"62",26069.8617443786,13022.3473451169,6710.28791624022,7982.45174275024,9249.5135505692,35989.8203655367,37106.8662389334,25093.8968152267,28176.5710223996,31135.3359737255,221254.860659619,89427.6123677304,24977.2542193334,24085.372071805,26483.4824889874,417742.241987954,398253.112525869,165918.081869697,157566.545044065,169259.027229014,50057.8589572926,74804.5989219231,160688.303775021,197891.902724436,217726.804556025,739193.788204551,1009944.99844134,1274547.23786221,1370941.16569574,1462952.36339582
"63",23062.7392396643,11518.1926043256,6226.94892410936,7176.53150620551,8461.96976097352,35369.4825426008,34896.5614439127,25563.7000589145,27574.8628889961,30777.6873866995,212536.384025022,84509.3719730833,25484.9454518333,22156.3385749062,24612.9742126484,427366.505225417,385640.647661853,181400.219470734,155978.555115784,168759.872323264,46789.2895068845,72536.499022773,144918.809415004,192449.696994079,213712.959582778,714174.98596684,1006275.23965315,1258691.70388345,1348792.14381724,1448562.47880002
"64",19847.1742862962,10095.9529397849,5521.16607578381,6293.26035699543,7688.54477550788,34168.2322565515,32676.7679625103,24981.1808506094,26461.465771403,30349.3729317904,201198.690740729,79927.473916884,26367.6494272531,19961.7670055175,22785.7610319144,432714.676081863,373306.692393041,200164.893961908,151641.283644477,168048.334387938,43785.2526787522,69974.8285745067,127183.404485393,183614.295135394,209344.24378382,694778.592087643,1000950.53942673,1249207.31043488,1304128.68850238,1433355.21364978
"65",16694.0032992687,8795.59061060965,4817.64017542863,5589.10730393234,6937.21274862893,32666.6241575129,30618.6393821028,24194.9287120171,25872.4792974109,29869.0223938348,189605.365872305,76565.6562464314,27510.8841984384,18582.0702314579,21323.6675844001,437820.764772128,365589.33367207,222373.157097592,152153.882755823,169028.844709503,41284.1282547669,67009.260756543,110664.033199709,178658.702841567,204831.692486375,685427.062997559,996114.24116849,1245635.59048747,1299136.18529466,1430261.13465138
"66",14027.356125034,7856.65250694693,4417.01881120068,5031.21272970131,6352.84056059314,30924.4994186104,29066.2927366559,23990.5969719405,25319.0968730688,29443.2562361883,174319.409891139,73191.4228478232,28268.2161528624,16845.6039616944,19460.0529910921,435184.878380819,359258.433810564,241768.148182471,150654.812196108,167968.791254397,39160.3743344198,64057.3079171637,98925.4989362763,174160.40531123,200908.577734314,674271.017482346,980034.176251094,1222322.17409729,1280816.08937133,1413742.346814
"67",11997.2902219793,7233.48747498731,4263.58540385614,4660.62091263991,6002.26403485856,28457.0637237491,27271.2399656933,24091.8816439559,24454.0928009478,28659.1743669998,166724.454483125,73744.8486496897,29948.4963340709,15878.7778352486,18473.0288579997,422697.85532873,352309.908393152,258637.284347536,147966.688745383,165655.286093219,37304.3707831837,60450.0697513751,90573.8578724881,169155.049221245,196549.652963017,667983.283769022,957339.543216949,1189079.27310743,1260264.6477105,1395464.76156263
"68",9946.03581111738,6566.31324145513,4056.50649880136,4258.50833934277,5609.55992291531,25884.0062527796,25606.3182866804,24134.358293242,23525.8618830912,27823.1576238375,158360.498089008,74777.5836505265,31115.1958660139,14929.7011130183,17499.5293146624,408019.838585221,347837.117641879,271822.304393918,145023.686604359,163131.774942823,35318.3136481314,56363.828761386,83926.780253355,163526.827089854,191611.156491835,663023.985505691,930288.146466403,1153310.06545192,1238302.31013309,1376216.80249126
"69",7896.54130207928,5828.76739718552,3757.74827073819,3835.61009822098,5182.75669897687,23088.8850100608,23891.2821045091,23791.2944862304,22503.7577885953,26896.4946846098,149652.759384482,76135.8478711643,32218.296571845,14015.8323654336,16553.9605258768,391795.037543545,345088.893328941,284362.935111885,141851.289392136,160405.618477373,32897.1916813744,51663.0681332988,76714.1375419767,157049.590742803,185817.967480786,658293.102009845,899949.600158196,1117951.53774035,1215123.92768843,1356053.51866945
"70",6116.69809512763,5074.6430551778,3399.73049191605,3410.21377983295,4738.47583154,20476.1459729682,22225.9188061684,23178.2056360671,21439.9851407021,25923.3763633112,140988.411728425,77510.6147378032,33162.1973225602,13135.0924495721,15628.194352961,375353.227552547,343000.705401671,295594.829814423,138434.763474773,157405.7021159,30517.8238801265,46944.3644841414,69697.217806922,150272.062621798,179683.236959384,653164.952401559,866395.302286742,1082625.92175956,1190476.11632722,1334254.88422985
"71",4601.25148687867,4312.80146604157,2999.69381919474,2991.79368412978,4284.82396167473,17987.642940764,20542.9699570325,22296.6800968196,20336.0868149438,24893.649998538,132507.924704881,78799.097697194,33878.1310296747,12292.5085224145,14722.276716257,358864.624366781,341365.202405408,305058.858866151,134816.921131183,154113.703814601,28020.1388028499,42239.8252547377,62988.3039237991,143223.305826113,173162.911879512,645608.368831749,831377.725588885,1047920.41122263,1164678.07506471,1310631.00769024
"72",3403.78246423217,3574.44757611843,2618.57611352084,2585.15219645787,3829.71250987011,15760.4039088525,18860.3211839738,21504.2784207735,19170.710006981,23800.6992993742,124965.791337836,79897.4298534738,34071.0844742488,11477.9333646308,13837.5195337594,344093.028099124,339892.6142044,311091.994192327,130873.944661081,150518.191179919,25517.3537993486,37634.7210183773,57640.6991611255,135762.199315888,166228.808704773,636072.058099592,794634.347197111,1010463.95034713,1136604.88801409,1285052.12137686
"73",2442.56561573469,2875.67903890523,2220.38936315129,2198.57871245928,3380.53428129186,13680.5280410767,17136.4083821552,20404.8063924076,17954.056758471,22640.0618518378,118259.25981167,80787.9154759271,33906.6862629634,10698.806543362,12975.4455675909,330934.746853232,338476.195432251,313980.158596674,126673.906710075,146607.435473609,22859.3813732506,33092.4857510305,52540.0084745113,127962.056540492,158859.817312762,622751.408763525,756194.659458523,975303.989780918,1106778.02676305,1257379.84344469
"74",1684.76796104779,2253.05069676531,1841.58607154058,1839.9368124008,2945.86669598141,11667.3250215162,15464.573379446,19175.1704263735,16698.8603874103,21412.6244658969,112053.040662857,81509.3056969526,33691.7174784794,9963.39153303959,12140.9381273608,318393.25701338,337463.8085552,316289.752191403,122291.633941903,142387.257053851,19933.2595164563,28799.5704009089,47442.9490376648,119883.233019137,151041.006183455,602648.458286611,716885.780410287,938835.504352711,1075666.98603063,1227514.7974408
"75",1142.03012041586,1705.38954790464,1492.39954689437,1512.2240106159,2531.63578108823,9950.74907270652,13771.9864573282,17835.9344418403,15403.4559100703,20121.7430141854,107091.482111286,82002.3088907308,33444.6507204073,9268.19991271411,11337.2518105435,308927.492321677,336543.104446176,318062.261373089,117698.234278403,137877.827802044,17195.6819706304,24657.6611598617,42397.0561829487,111503.73418256,142792.641124236,581039.92286173,676387.755908455,900929.41441131,1042938.8962454,1195577.23376292
"76",693.311703641504,1237.29915023213,1180.20549966826,1218.04530885712,2142.05712766141,8021.76164206054,12036.2955926737,16404.3219948035,14074.7719831561,18768.0589573573,101545.143130015,82115.7573464344,33211.8915041807,8613.51356515986,10565.1867195298,297855.303599569,335170.272072654,319398.7078233,112918.577176484,133078.425906567,14006.4240222725,20680.004507212,37482.2783907086,102859.096919917,134112.491914353,551720.396522128,634536.097240051,862561.085218386,1008725.40225296,1161510.41375898
"77",483.652620965122,861.997567408521,903.274047863921,958.525231195228,1780.02558615925,7028.53566732074,10364.5136712738,14811.9380659404,12717.2986213919,17349.3776018219,98817.3665914975,81849.8641429183,32881.3238528486,7996.75135875607,9823.21337393051,293793.558583053,333630.314623805,318988.264928724,107950.57966714,127963.787579412,12115.4866330532,17114.4874062455,32704.587518009,93963.5491639358,124974.499267747,529048.76906558,594490.344578264,824042.888579897,972910.968740447,1125042.00952672
"78",259.933918478836,569.298419193942,664.776894364117,723.283915091132,1447.83115975218,5366.59944256984,8712.22221320789,13066.0407013361,11158.9797197193,15864.3732415117,93271.3853031579,80795.2073131692,32369.3062063853,7448.04592832759,9109.55236164467,283010.278866189,330315.455813281,315826.265685318,102756.875364745,122507.291876184,9274.75577372167,13921.5053900997,28180.5523544725,84439.8850760538,115354.165144727,493874.916200269,556158.432091182,787000.846105971,939183.68365872,1085876.7644277
"79",141.343675175162,351.755729721678,466.236241262859,525.833836320896,1147.58156836385,4190.42508985334,7086.60375389766,11183.7738977188,9587.52014625936,14314.8850511669,88855.0264188713,78760.6135152941,31595.2699503509,6943.24509137387,8423.06617728017,275609.385145745,324458.2519851,308909.156109304,97506.8278442659,116692.775846088,7195.9371238342,11096.679872511,23952.2698451104,74741.3417869482,105243.592883268,462957.739214896,520739.088462568,752553.35826608,905092.833208607,1043787.29469957
"80",65.7349833477738,202.385556208863,308.623237705152,364.529911264194,881.792104085141,3039.21377905439,5579.9362674084,9225.73301609373,8007.06766374072,12710.5884187984,83429.2513711963,75657.5704005978,30494.5102311155,6485.61593405868,7764.44570231153,266149.242974434,315758.265339816,297483.355432773,92287.451204207,110533.762947644,5233.38926689068,8711.60668997304,20061.6704957158,64843.2452149444,94681.9610138774,429805.891019623,489584.040583727,721699.738886628,871522.480943657,998751.30807094
"81",31.2009385257012,107.476303305881,190.959494123661,259.011959293206,652.823819734909,2234.13432658666,4213.69469623175,7293.52827335459,7019.28760101941,11068.7150328375,78905.9392829956,71512.182590529,29065.3150054759,6629.45308732772,7134.53518062442,258544.701046948,303881.799936268,281636.806450062,95193.9303832039,104061.772671509,3855.49479537786,6703.66483680641,16527.4046827793,54119.1978240317,83752.4476265581,401282.427790358,462945.19641321,695087.405124095,831987.669788897,950833.559914694
"82",12.0476110196014,51.1624565661172,109.407098584612,172.071278325667,462.447017836925,1496.03990283192,3027.21055324025,5510.15575497255,5914.0336972552,9418.3532980553,72821.5457118504,66501.9759901604,27417.3019431512,6848.99094114191,6535.85698882249,247101.933721907,289527.802828225,263005.227534206,98938.4822305457,97360.6928114554,2638.9942587129,5018.36600473069,13286.4331799972,43373.6767848719,72616.1950617136,371142.302914933,440312.924945776,670425.057044473,799294.475400967,900499.773747433
"83",3.97141105123032,21.2787423197427,57.4296448641564,108.349756904873,310.961414964757,939.677990666815,2042.59240665865,3971.06759120764,4878.70287281507,7797.61716484869,66314.4708319465,60624.7573464654,25677.3494794624,7208.17544106458,5970.65795313294,234223.666711651,272140.645488546,243465.26571388,104934.373302861,90548.7396600812,1728.00393196192,3605.11037221224,10330.1502037546,32767.0007917443,61496.1407181625,343831.370226944,418763.678470287,645350.148322345,777421.267011652,848474.414319956
"84",0.9911752579253,7.34670376526303,26.7043673167393,59.9350993347475,191.482435433795,544.605344812431,1296.30369143204,2729.00991816657,3724.68709103538,6153.1663380847,59255.7113262144,54407.9289882704,23927.5816368429,7821.30566209534,5345.01366711008,219899.668324781,253949.067030855,224692.630780094,114626.294983585,82429.1635973318,1070.74382986723,2484.30073327896,7706.58523432684,23364.2455683807,49854.8808210812,319759.316607628,399747.588246332,618370.577534553,765420.969752753,782871.861313759
"85",0.166536923532129,1.9612611662516,10.6176214832706,29.314396540197,110.265157449224,284.922981644993,760.05293330966,1776.85939216774,2699.54730569103,4777.96329234387,51627.4694308109,47901.2816174781,22242.1846799723,8355.9080458805,4867.76879260829,203049.653725588,234482.266585475,207721.38346957,124823.249499962,76334.7327818701,616.807442992717,1613.22045471274,5446.97623183585,15911.2915685172,39983.7669360132,296559.747109041,380798.983600852,587807.705017419,750562.374051096,734872.32581311
"86",0.0159675663787358,0.36067603569447,3.43923760229599,12.8053929969796,56.8277863649934,135.130797598253,404.834027139566,1091.71012980786,1894.70709001032,3547.07716174741,44223.2762452877,41348.9274313358,20671.4056422757,8695.17364264615,4408.83964473579,185365.713519513,214255.355620174,193237.47893071,132053.616498941,70435.174782553,332.655913757607,971.856766290412,3616.47270927728,10609.1720740287,30858.2280730187,275506.50143778,361148.766623835,553415.017429316,719972.810430537,687040.255535431
"87",0.000568154751597908,0.037254808361095,0.826869745682364,4.71160515805016,25.4291677795168,53.18149242996,193.491958629352,621.183597928166,1278.81291840253,2495.90669856333,36550.7155954637,35005.8521627827,19125.4571793965,8704.59398472625,3964.87599178521,165633.475374279,194039.97390233,180480.676146233,136094.116468788,64819.6219102362,155.839998094404,536.853519643252,2223.14965224293,6891.28549500757,22754.8357636058,253978.636231551,340386.472583235,515486.3964899,675988.952852108,640062.229068484
"88",5.00147175493548e-05,0.00141021089735822,0.126105842782801,1.32547332793666,9.46330487080315,17.6080848850926,80.9189348297074,321.902903312872,800.169868077452,1647.37920759104,29502.0103581721,29040.6704283557,17532.0455007955,8379.69230302776,3532.60314132786,146079.692674991,174062.385788068,168755.197524341,136339.771567564,59543.1601873577,64.3295216628708,265.988613501503,1252.46038558741,4269.60338956301,15896.9647955353,233704.618990872,317598.606046174,475157.388822282,627017.599265163,594485.518289558
"89",5.28636220861788e-06,6.17040888652435e-05,0.00876846671510789,0.248688567760558,2.74325966123513,4.85632061996464,29.0130100423393,148.333640381822,451.939193472256,1007.09546271495,23142.6104651944,23696.4136347412,15838.7254694173,7913.8642342828,3110.21220892976,125650.333834957,155142.815398035,157396.243977086,135396.468588847,54616.7020201436,23.8072591940404,116.217701823155,636.49741935951,2437.18312466507,10416.0171309438,215777.165939544,293105.6561643,433201.970355457,578863.70737622,550632.994368663
"90",2.82068730070091e-06,-8.50420783461563e-06,0.000225259703070947,0.024001042975187,0.554228230279777,0.946044159191891,8.5410404742329,58.9132919169908,225.588882969849,561.342100151355,17402.6506261619,18995.3930813593,14020.4178340681,7298.1623233935,2698.7638863137,105699.209717218,137348.806964787,145830.686355344,132852.679841408,50012.8863043956,6.7969802198569,43.3357802610591,285.854335426942,1263.14016966911,6322.81024935872,196486.621169961,266605.206742633,390235.779977769,531197.971579098,508626.86109445
"91",-8.75725772889449e-08,6.07748267583998e-06,-4.3386029208455e-06,0.000694883600966251,0.0624016263403823,0.14051389214326,1.94501366911969,19.3533131107776,96.8177322440607,279.519845100308,13067.8699632926,14895.030421244,12116.2243630081,6544.29255043628,2301.79612875479,89098.8583783916,120336.63035711,133946.19842348,128396.43535304,45667.2103125734,1.61389791057107,13.2043538296712,110.406231142519,583.418757611909,3501.19914627128,179513.102026297,237555.73498286,347493.275740888,483922.847540519,468303.333225516
"92",-2.54477903328338e-08,-3.03151699073187e-06,6.76771504324553e-06,3.96216634312543e-05,0.0022509873316707,0.013645376583119,0.323617206442558,4.98371678803434,34.970379426703,120.84498414386,9481.1441608577,11474.3948902093,10178.565972867,5630.13667692418,1922.16412667922,73279.257188989,104869.790785158,121578.933162309,120748.601735286,41444.0829402828,0.281839634202125,3.18298549966433,35.3904637647918,238.264139436689,1731.2041359131,160080.168491513,208486.812703345,305088.830289571,433540.892240994,428728.400717526
"93",4.44022196427987e-07,2.16540299423359e-06,-5.17441035819854e-06,-1.00917789960342e-05,0.000106510107297876,0.000698478818986085,0.0337243874295656,0.927375393391729,9.89121896357391,43.6793684775486,6481.40555582197,8520.94836373297,8285.99561229385,4672.74343824001,1567.40312343416,58190.7506830572,89709.6152952178,108848.872346115,111088.790952503,37286.9274853685,0.0298651886000157,0.540353974956474,8.92335620751541,81.6439921290002,744.206476653148,137983.106683667,178396.57875023,263628.057459278,384941.117794622,389620.237563128
"94",-7.58184958828552e-07,-2.04730447916711e-06,5.02243258788029e-06,4.67825417797849e-06,-2.90296400089526e-05,1.86830604224987e-05,0.00230753402963833,0.112346050140327,2.03887053326297,12.4979467665888,4382.44492139809,6272.64017084333,6513.9052981281,3761.63740886032,1244.42936871208,46040.724763173,76729.111449572,95958.3398010852,100633.515290626,33166.1001824439,0.0020706037995018,0.0662377500592236,1.65120479880189,22.1956128869437,268.041341855545,117806.539910898,151187.075802301,223839.340376216,336954.911866133,350769.839547914
"95",2.3419098953497e-06,1.66218978337299e-06,-5.87406736419256e-06,-1.98503534089416e-06,1.60742637818492e-05,4.53673457113488e-07,6.3812860107098e-05,0.00793482905780577,0.273378254338059,2.60634387834844,2756.31272988313,4316.51924060296,4922.49329117772,2926.96610231845,958.007421807956,35044.4454966255,63242.4790656671,83102.5441942169,89578.3186910639,29066.0349708872,6.53348253906082e-05,0.00445025874665064,0.201766144959472,4.44239760169803,76.6599826920962,96865.3831887237,123418.210266826,186340.783696369,290095.195929641,311920.355741743
"96",-1.88120292760551e-05,-1.21689793678312e-06,7.92828382645432e-06,1.08738794816451e-07,-1.06866882446431e-05,2.24341182135065e-07,4.65517814139046e-06,0.000270739597876286,0.0211858955399587,0.350577945823573,1679.72856072291,2868.70276629867,3552.71343396002,2194.53096304319,712.075078774391,26323.582533095,51426.038275371,70438.3248437096,78208.6789622794,25027.6670378358,2.11349246830676e-06,0.000159178752493036,0.0146506006719058,0.589144906035547,16.0925670842091,78402.2997633711,99120.198527362,151684.98562981,245368.815339888,273290.443751637
"97",-5.52499950360326e-06,-1.30890785441308e-07,-1.19356819241726e-05,1.75990565712432e-06,8.79943808549105e-06,1.31595614545119e-07,-2.45379031449706e-06,9.99568063571492e-06,0.000838381955886097,0.0266401292193751,963.328952574829,1788.3408843062,2435.35428871371,1572.0675437515,508.382938973819,19129.7046511095,40511.0027029341,58300.9404203849,66559.9654969993,21113.3700972388,-8.37115431598347e-07,4.92823482854795e-06,0.000556785918197924,0.0461168090253927,2.20898699771189,61384.0445044804,77349.6955966102,120960.621097805,203553.017388741,235301.906083823
"98",0.000212086471901254,6.15155848721929e-06,2.09348667725822e-05,-5.09734637136831e-06,-8.38151765858638e-06,-3.83830692779903e-06,1.84372127751243e-06,-4.81398756343682e-06,5.59218538544938e-06,0.0010458067238756,512.450625904988,1061.42493841431,1567.76429815195,1066.73730088878,348.99153658871,13437.0627620027,31220.3411036333,46782.4066441606,54895.4232362866,17523.0095322785,5.27334395893777e-07,-1.56952564553429e-06,1.17815475049219e-05,0.00193112452588013,0.173808560841858,46622.0022844682,59280.336446193,94299.5374845862,165562.602915379,200025.838752945
"99",0.000664065334614554,-2.74652413636185e-05,-3.89525202399881e-05,1.3177967887154e-05,9.01681436745227e-06,-9.65213920708308e-06,-1.21496563163768e-06,4.6675782649001e-06,1.63922516941555e-06,-1.51558577212041e-05,259.126854211518,576.606748970653,938.206342245755,679.021234790839,227.57701749374,9256.13904349108,23007.5298977575,36208.1521341265,43603.0759616753,14192.0015560768,-7.94285336544116e-07,1.21138678805593e-06,-2.12668963111555e-06,1.27361208445606e-05,0.00729684691562638,34747.8708151597,43967.6722420043,71882.7129147696,131939.243827294,166592.92058878
